id,created_at,name,cover,description,screenshots,download,creator,creator_avatar,creator_url,category,is_verified,game
00e11f55-4048-46bd-8ee3-70b7c906f211,2026-02-09 02:13:00.992601+00,Scania Dump,https://modbussid.io/wp-content/uploads/2026/02/Mod-Bussid-Scania-Dump.jpg,,"[""https://modbussid.io/wp-content/uploads/2026/02/Mod-Bussid-Scania-Dump-2.jpg"",""https://modbussid.io/wp-content/uploads/2026/02/Mod-Bussid-Scania-Dump-3.jpg"",""https://modbussid.io/wp-content/uploads/2026/02/Mod-Bussid-Scania-Dump-4.jpg"",""https://modbussid.io/wp-content/uploads/2026/02/Mod-Bussid-Scania-Dump-5.jpg"",""https://modbussid.io/wp-content/uploads/2026/02/Mod-Bussid-Scania-Dump-6.jpg"",""https://modbussid.io/wp-content/uploads/2026/02/Mod-Bussid-Scania-Dump-7.jpg""]","{""Download Mod"":""https://host.modbussid.io/Trucks/Scania%20Dump%20(ModBussid.io).bussidmod""}",ModBussid.io,https://encrypted-tbn0.gstatic.com/images?q=tbn:ANd9GcTgFLnhpepLhczAqpKmYaq0C_eY6qWufSZQcw&s,https://modbussid.io/,truck,false,bussid
046e3b8b-9d35-49bc-baf3-d1cd75770e28,2026-02-20 14:44:56.054643+00,Inside Track Mod,https://www.gtainside.com/downloads/picr/2026-02/thb_1771449305_20260218-072014.jpg,"Installation Method 1: If you have ModLoader, simply place the files directly into the ""modloader"" folder.

Installation Method 2: Using an IMG tool, add the TXD and DFF files to the ""gta3.img"" file located in the Models folder.","[""https://www.gtainside.com/downloads/picr/2026-02/1771449305_20260218-072129.jpg"",""https://www.gtainside.com/downloads/picr/2026-02/1771449305_20260218-072057.jpg""]","{""Download Mod"":""https://fileservice.gtainside.com/downloads/ftpm/1771449305_InsideTrack%20Mod.rar""}",GTAinside.com,https://image.winudf.com/v2/image1/Y29tLkdUQWluc2lkZS5HdGFNb2RzLkFkZG9uc19pY29uXzE3MDI2NTU5MzVfMDgx/icon.png?&fakeurl=1,,,true,gtavc
0c8990b6-ba61-4800-b07d-305311ae2e3c,2026-02-09 04:49:18.821501+00,Death Offroad,https://modbussid.io/wp-content/uploads/2025/07/Death-Offroad.jpg,"Are you looking for a challenging and dramatic offroad driving experience in BUSSID? Death Offroad map mod will definitely not disappoint you! This is one of the maps specially designed to push your driving skills to the limit, with rugged roads, steep slopes and dangerous hairpin turns.","[""https://modbussid.io/wp-content/uploads/2025/07/Death-Offroad-3.jpg"",""https://modbussid.io/wp-content/uploads/2025/07/Death-Offroad-2.jpg"",""https://modbussid.io/wp-content/uploads/2025/07/Death-Offroad-4.jpg"",""https://modbussid.io/wp-content/uploads/2025/07/Death-Offroad-5.jpg"",""https://modbussid.io/wp-content/uploads/2025/07/Death-Offroad-6.jpg"",""https://modbussid.io/wp-content/uploads/2025/07/Death-Offroad-7.jpg"",""https://modbussid.io/wp-content/uploads/2025/07/Death-Offroad-8.jpg""]","{""Download Mod"":""https://cloud.modbussid.io/file/2Uw/Death_Offroad_Map_(ModBussid.io).bussidmod""}",ModBussid.io,https://encrypted-tbn0.gstatic.com/images?q=tbn:ANd9GcTgFLnhpepLhczAqpKmYaq0C_eY6qWufSZQcw&s,https://modbussid.io/,map,true,bussid
0cf4fea6-e46b-487a-b694-754f65f19562,2026-02-08 11:19:09.550734+00,JAIGURU JINN,https://i.ytimg.com/vi/-LwqBW_fbuI/hq720.jpg,,"[""https://www.mods4u.in/bsi/img/2020/JAIGURU-JIN1612152857-BUSSID-WWW-MODS4U-IN-main.jpg"",""https://i.ytimg.com/vi/-LwqBW_fbuI/hq720.jpg"",""https://i.ytimg.com/vi/nAACUNNKIfg/hq720.jpg""]","{""Download Mod"":""https://sharemods.com/wd8tulav30nl/eicher_stock.zip.html"",""Download Livery"":""https://sharemods.com/hzt2f8jz4xlg/gz_jaiguru_nonpixel.zip.html""}",GZ DESIGNS OFFICIAL  BUSSID,https://yt3.ggpht.com/cKY_JS3r_ey15WCC4zSuhP6CylkzPa7p1ZAt0yh0maINxPfK5pZQKcZm7Tp383EzlsuvhldJhw=s48-c-k-c0x00ffffff-no-rj,https://www.youtube.com/@gzdesigns_bussid,bus,true,bussid
1655ef86-f8f3-4334-ac70-2fcd826fc106,2026-02-20 15:06:32.583003+00,Cave and Enterable Junkyard shed,https://www.gtainside.com/downloads/picr/2025-03/thb_1741797584_gta3_cave_shed.jpg,"It modifies 2 map objects:
- Modifies the cave-like entrance to a normal cave in Cochrane Dam
- Adds a door to the Harwood junkyard shed, so it can be entered",,"{""Download Mod"":""https://fileservice.gtainside.com/downloads/ftpm/1741797584_gta3_cave_shed.zip""}",GTAinside.com,https://image.winudf.com/v2/image1/Y29tLkdUQWluc2lkZS5HdGFNb2RzLkFkZG9uc19pY29uXzE3MDI2NTU5MzVfMDgx/icon.png?&fakeurl=1,https://www.gtainside.com/en/gta3/maps/,map,true,gta3
1d037c28-c542-4385-aae4-e6349071587d,2026-02-11 16:38:34.002139+00,GTA V/Online Dinka Marquis Classic [Only vehfuncs],https://www.gtainside.com/downloads/picr/2025-02/thb_1740673115_enb%202024_12_24%2007_49_29_24.jpg,,"[""https://www.gtainside.com/downloads/picr/2025-02/thb_1740673115_enb%202024_12_24%2007_49_51_54.jpg"",""https://www.gtainside.com/downloads/picr/2025-02/thb_1740673115_enb%202024_12_24%2007_52_06_75.jpg"",""https://www.gtainside.com/downloads/picr/2025-02/thb_1740673115_enb%202024_12_24%2007_53_03_06.jpg"",""https://www.gtainside.com/downloads/picr/2025-02/thb_1740673115_enb%202024_12_24%2007_50_54_87.jpg"",""https://www.gtainside.com/downloads/picr/2025-02/thb_1740673115_enb%202024_12_24%2007_53_37_04.jpg"",""https://www.gtainside.com/downloads/picr/2025-02/thb_1740673115_1740635206_enb%202024_12_07%2008_44_44_63.jpg""]","{""Download"":""https://fileservice.gtainside.com/downloads/ftpm/1740673115_Dinka%20Marquis%20Classic.rar""}",GTAinside.com,https://image.winudf.com/v2/image1/Y29tLkdUQWluc2lkZS5HdGFNb2RzLkFkZG9uc19pY29uXzE3MDI2NTU5MzVfMDgx/icon.png?&fakeurl=1,https://www.gtainside.com/en/sanandreas,boat,true,gtasa
286c34e6-8426-4449-8843-732787d7eebd,2026-02-11 16:35:04.29899+00,GTA III Chopper As Polmav,https://www.gtainside.com/downloads/picr/2025-08/thb_1754162113_image.jpg,,"[""https://www.gtainside.com/downloads/picr/2025-08/thb_1754162113_image2.jpg"",""https://www.gtainside.com/downloads/picr/2025-08/thb_1754162113_image3.jpg"",""https://www.gtainside.com/downloads/picr/2025-08/thb_1754162113_image4.jpg""]","{""Download"":""https://fileservice.gtainside.com/downloads/ftpm/1754162113_Chopper%20GTA%20III.rar""}",GTAinside.com,https://image.winudf.com/v2/image1/Y29tLkdUQWluc2lkZS5HdGFNb2RzLkFkZG9uc19pY29uXzE3MDI2NTU5MzVfMDgx/icon.png?&fakeurl=1,https://www.gtainside.com/en/sanandreas,helicopter,true,gtasa
2e17cea0-739d-4575-9b9d-dc8822b589b1,2026-02-11 16:41:56.342798+00,RX SPESIAL,https://www.gtainside.com/downloads/picr/2026-01/thb_1767820277_gallery1.jpg,,,"{""Download"":""https://fileservice.gtainside.com/downloads/ftpm/1767820277_RX%20SPESIAL.7z""}",GTAinside.com,https://image.winudf.com/v2/image1/Y29tLkdUQWluc2lkZS5HdGFNb2RzLkFkZG9uc19pY29uXzE3MDI2NTU5MzVfMDgx/icon.png?&fakeurl=1,https://www.gtainside.com/en/sanandreas,bike,true,gtasa
446971f6-0873-4c33-89da-bdab643a1260,2026-02-20 15:13:35.914126+00,Mahindra Major [Add-On],https://www.gtainside.com/downloads/picr/2026-02/thb_1771277346_1CqVQ_mahindra-major-add-on_0.jpg,"Installation:

-Open folder ""SP"" and move ""MajorPunni"" to mods>update>x64>dlcpacks.

-Edit dlclist.xml in mods>update>update.rpf>common>data.

-Spawn with name: MajorPunni

---------------

Features:

-HQ Exterior & Interior

-Leather Mapped Dash & Steering Wheel

-Realistic Scale

-Working Speedometer

-Proper Collisions

-Working Lights

-Correct Window Tint & Seat Position","[""https://www.gtainside.com/downloads/picr/2026-02/1771277346_1CqVQ_mahindra-major-add-on_1.jpg"",""https://www.gtainside.com/downloads/picr/2026-02/1771277346_1CqVQ_mahindra-major-add-on_2.jpg"",""https://www.gtainside.com/downloads/picr/2026-02/1771277346_1CqVQ_mahindra-major-add-on_3.jpg"",""https://www.gtainside.com/downloads/picr/2026-02/1771277346_1CqVQ_mahindra-major-add-on_4.jpg"",""https://www.gtainside.com/downloads/picr/2026-02/1771277346_1CqVQ_mahindra-major-add-on_5.jpg"",""https://www.gtainside.com/downloads/picr/2026-02/1771277346_1CqVQ_mahindra-major-add-on_6.jpg"",""https://www.gtainside.com/downloads/picr/2026-02/1771277346_1CqVQ_mahindra-major-add-on_7.jpg""]",,GTAinside.com,https://image.winudf.com/v2/image1/Y29tLkdUQWluc2lkZS5HdGFNb2RzLkFkZG9uc19pY29uXzE3MDI2NTU5MzVfMDgx/icon.png?&fakeurl=1,https://www.gtainside.com/en/gta5/cars-all/,car,true,gta5
497b0f59-35a2-47fb-bacd-e4f7e4b26427,2026-02-09 04:14:33.339212+00,Dutro,https://modbussid.io/wp-content/uploads/2026/02/Mod-Bussid-Dutro.jpg,,"[""https://modbussid.io/wp-content/uploads/2026/02/Mod-Bussid-Dutro-2.jpg"",""https://modbussid.io/wp-content/uploads/2026/02/Mod-Bussid-Dutro-3.jpg"",""https://modbussid.io/wp-content/uploads/2026/02/Mod-Bussid-Dutro-4.jpg"",""https://modbussid.io/wp-content/uploads/2026/02/Mod-Bussid-Dutro-5.jpg"",""https://modbussid.io/wp-content/uploads/2026/02/Mod-Bussid-Dutro-6.jpg"",""https://modbussid.io/wp-content/uploads/2026/02/Mod-Bussid-Dutro-7.jpg"",""https://modbussid.io/wp-content/uploads/2026/02/Mod-Bussid-Dutro-8.jpg"",""https://modbussid.io/wp-content/uploads/2026/02/Mod-Bussid-Dutro-9.jpg"",""https://modbussid.io/wp-content/uploads/2026/02/Mod-Bussid-Dutro-10.jpg""]","{""Download Mod"":""https://host.modbussid.io/Trucks/Dutro%20(ModBussid.io).bussidmod""}",ModBussid.io,https://encrypted-tbn0.gstatic.com/images?q=tbn:ANd9GcTgFLnhpepLhczAqpKmYaq0C_eY6qWufSZQcw&s,https://modbussid.io/,truck,true,bussid
4d7674ba-5750-43ae-9655-22c131db04a5,2026-02-09 04:43:20.648071+00,Harley Davidson,https://modbussid.io/wp-content/uploads/2025/07/Harley-Davidson.jpg,,"[""https://modbussid.io/wp-content/uploads/2025/07/Harley-Davidson-5.jpg"",""https://modbussid.io/wp-content/uploads/2025/07/Harley-Davidson-6.jpg"",""https://modbussid.io/wp-content/uploads/2025/07/Harley-Davidson-7.jpg"",""https://modbussid.io/wp-content/uploads/2025/07/Harley-Davidson-2.jpg"",""https://modbussid.io/wp-content/uploads/2025/07/Harley-Davidson-3.jpg"",""https://modbussid.io/wp-content/uploads/2025/07/Harley-Davidson-4.jpg""]","{""Download Mod"":""https://cloud.modbussid.io/file/2Sw/Harley_Davidson_(ModBussid.io).bussidmod""}",ModBussid.io,https://encrypted-tbn0.gstatic.com/images?q=tbn:ANd9GcTgFLnhpepLhczAqpKmYaq0C_eY6qWufSZQcw&s,https://modbussid.io/,bike,true,bussid
4f7619ac-6001-45ae-a065-040ee56ede60,2026-02-09 04:35:12.580026+00,Cat Tambang,https://modbussid.io/wp-content/uploads/2026/02/Mod-Bussid-Truk-Cat-Tambang.jpg,,"[""https://modbussid.io/wp-content/uploads/2026/02/Mod-Bussid-Truk-Cat-Tambang-2.jpg"",""https://modbussid.io/wp-content/uploads/2026/02/Mod-Bussid-Truk-Cat-Tambang-3.jpg"",""https://modbussid.io/wp-content/uploads/2026/02/Mod-Bussid-Truk-Cat-Tambang-4.jpg"",""https://modbussid.io/wp-content/uploads/2026/02/Mod-Bussid-Truk-Cat-Tambang-5.jpg"",""https://modbussid.io/wp-content/uploads/2026/02/Mod-Bussid-Truk-Cat-Tambang-6.jpg"",""https://modbussid.io/wp-content/uploads/2026/02/Mod-Bussid-Truk-Cat-Tambang-7.jpg"",""https://modbussid.io/wp-content/uploads/2026/02/Mod-Bussid-Truk-Cat-Tambang-8.jpg"",""https://modbussid.io/wp-content/uploads/2026/02/Mod-Bussid-Truk-Cat-Tambang-9.jpg"",""https://modbussid.io/wp-content/uploads/2026/02/Mod-Bussid-Truk-Cat-Tambang-10.jpg""]","{""Download Mod"":""https://host.modbussid.io/Truk%20Cat%20Tambang%20(ModBussid.io).bussidmod""}",ModBussid.io,https://encrypted-tbn0.gstatic.com/images?q=tbn:ANd9GcTgFLnhpepLhczAqpKmYaq0C_eY6qWufSZQcw&s,https://modbussid.io/,truck,true,bussid
5d631398-2ef8-4b18-8f0b-87445ded4e45,2026-02-11 16:48:00.52846+00,GTA Chinatown Wars Map v0.1,https://www.gtainside.com/downloads/picr/2026-01/thb_1769184999_ctwmapside.jpg,,"[""https://www.gtainside.com/downloads/picr/2026-01/thb_1769184999_ctwmap2.jpg"",""https://www.gtainside.com/downloads/picr/2026-01/thb_1769184999_gallery60.jpg"",""https://www.gtainside.com/downloads/picr/2026-01/thb_1769184999_gallery62.jpg"",""https://www.gtainside.com/downloads/picr/2026-01/thb_1769184999_gallery64.jpg"",""https://www.gtainside.com/downloads/picr/2026-01/thb_1769184999_gallery68.jpg"",""https://www.gtainside.com/downloads/picr/2026-01/thb_1769184999_gallery69.jpg"",""https://www.gtainside.com/downloads/picr/2026-01/thb_1769184999_gallery70.jpg""]","{""Download"":""https://fileservice.gtainside.com/downloads/ftpm/1769184999_gtactwmap.rar""}",GTAinside.com,https://www.gtainside.com/images/avatars//custom/477749_1603473139_26046.jpg,https://www.gtainside.com/en/sanandreas,map,true,gtasa
65cacc6f-511a-44e0-be49-48a43359627c,2026-02-20 14:46:30.155012+00,Superman Mod,https://www.gtainside.com/downloads/picr/2026-02/thb_1770844428_hq720.jpg,,,"{""Download Mod"":""https://fileservice.gtainside.com/downloads/ftpm/1770844428_superman.rar""}",GTAinside.com,https://image.winudf.com/v2/image1/Y29tLkdUQWluc2lkZS5HdGFNb2RzLkFkZG9uc19pY29uXzE3MDI2NTU5MzVfMDgx/icon.png?&fakeurl=1,,,true,gtavc
79d74195-75b9-43ff-bee2-3c0b211b5bed,2026-02-20 15:07:41.425634+00,GTA 3 ALPHA 2.0 MOD FOR ANDROID,https://www.gtainside.com/downloads/picr/2026-02/thb_1770850217_1770845652_Screenshot_20260209_031921.jpg,"This mod was ported from the 2014 GTA3 Alpha 2.0 mod to mobile devices. Most of the features have been transferred over. However, there are currently some issues: in the ""One-Armed Man"" mission, players need to cling to walls to complete certain actions, and the final mission of ""Diablos"" sometimes crashes. Hope everyone has a good time playing it!","[""https://www.gtainside.com/downloads/picr/2026-02/1770850217_Screenshot_20260209_031944.jpg"",""https://www.gtainside.com/downloads/picr/2026-02/1770850217_Screenshot_20260211_001354.jpg"",""https://www.gtainside.com/downloads/picr/2026-02/1770850217_Screenshot_20260211_001436.jpg""]","{""Download Mod"":""https://fileservice.gtainside.com/downloads/ftpm/1770850217_1770845652_gta%203%20alpha%202%20for%20mobile.7z""}",GTAinside.com,https://image.winudf.com/v2/image1/Y29tLkdUQWluc2lkZS5HdGFNb2RzLkFkZG9uc19pY29uXzE3MDI2NTU5MzVfMDgx/icon.png?&fakeurl=1,https://www.gtainside.com/en/gta3/mods/,mod,true,gta3
7fa0cc9d-0458-4911-babd-ec44b7d59a5f,2026-02-11 16:44:24.725457+00,Juank Air - Boeing 777-300ER,https://www.gtainside.com/downloads/picr/2026-01/thb_1769893031_enb%202026_01_31%2018_59_40_29.jpg,,"[""https://www.gtainside.com/downloads/picr/2026-01/thb_1769893031_enb%202026_01_31%2018_59_25_69.jpg"",""https://www.gtainside.com/downloads/picr/2026-01/thb_1769893031_enb%202026_01_31%2018_57_16_86.jpg"",""https://www.gtainside.com/downloads/picr/2026-01/thb_1769893031_enb%202026_01_31%2018_54_59_00.jpg"",""https://www.gtainside.com/downloads/picr/2026-01/thb_1769893031_enb%202026_01_31%2018_54_46_57.jpg"",""https://www.gtainside.com/downloads/picr/2026-01/thb_1769893031_enb%202026_01_31%2018_54_31_93.jpg""]","{""Download"":""https://fileservice.gtainside.com/downloads/ftpm/1769893031_Juank_Air_Boeing_777_300ER.zip""}",GTAinside.com,https://www.gtainside.com/images/avatars//custom/477749_1603473139_26046.jpg,https://www.gtainside.com/en/sanandreas,airplane,true,gtasa
8103c0cd-6fdd-4e7d-a600-2e2da9667420,2026-02-20 14:48:07.287213+00,KTM RC 390,https://www.gtainside.com/downloads/picr/2024-01/thb_1704313803_InShot_20231211_220026549.jpg,"New Indian Bike ktm For Gta vice City
More interesting Mods Soon For Gta vice City",,"{""Download Mod"":""https://fileservice.gtainside.com/downloads/ftpl/1704313803_KTM%20RC%20390%20for%20vc%20by%20chirag%20creation.7z""}",GTAinside.com,https://image.winudf.com/v2/image1/Y29tLkdUQWluc2lkZS5HdGFNb2RzLkFkZG9uc19pY29uXzE3MDI2NTU5MzVfMDgx/icon.png?&fakeurl=1,,bike,true,gtavc
8f96b757-bbb6-4712-ab57-75a2e3277c5c,2026-02-11 06:17:55.983488+00,AC Cobra 427,https://www.gtainside.com/downloads/picr/2020-11/thb_1605168249_gallery17.jpg,,"[""https://www.gtainside.com/downloads/picr/2020-11/thb_1605168249_gallery18.jpg"",""https://www.gtainside.com/downloads/picr/2020-11/thb_1605168249_gallery19.jpg"",""https://www.gtainside.com/downloads/picr/2020-11/thb_1605168249_gallery20.jpg"",""https://www.gtainside.com/downloads/picr/2020-11/thb_1605168249_gallery21.jpg"",""https://www.gtainside.com/downloads/picr/2020-11/thb_1605168249_gallery22.jpg"",""https://www.gtainside.com/downloads/picr/2020-11/thb_1605168249_gallery23.jpg"",""https://www.gtainside.com/downloads/picr/2020-11/thb_1605168249_gallery24.jpg""]","{""Download"":""https://fileservice.gtainside.com/downloads/ftpl/1605168249_mod.rar""}",Horwath,https://www.gtainside.com/images/avatars//custom/477749_1603473139_26046.jpg,https://www.gtainside.com/en/sanandreas,"car, ac",true,gtasa
90ba889a-8718-4dee-a67a-df427823967a,2026-02-20 14:50:55.029704+00,"Declasse Walton L35 Stock
",https://www.gtainside.com/downloads/picr/2026-02/thb_1770243015_walton1.jpg,"Declasse Walton L35 Stock
By MrFinger

Ever wanted a compact redneck pickup in your LC? Then go and grab Declasse Walton L35 Stock. Features colors distributed so that the primary is assigned to the upper section, the secondary runs along the middle part, while the lower section is marked by the third. It features a couple of extras: either a plastic grille with vertical slits, or a chrome one with or without vertical slits. The bed features the following extras: a landscaping set, a set of scraps or a service & repair setup. All of them have proper collision properties. It can also spawn with a ""Retro Vibes"" livery. The SA cutscene Washington-esque roof height also has been adjusted.","[""https://www.gtainside.com/downloads/picr/2026-02/1770243015_walton2.jpg"",""https://www.gtainside.com/downloads/picr/2026-02/1770243015_walton3.jpg"",""https://www.gtainside.com/downloads/picr/2026-02/1770243015_walton4.jpg""]","{""Download Mod"":""https://fileservice.gtainside.com/downloads/ftpm/1770243015_Walton_L35_Stock.zip""}",GTAinside.com,https://image.winudf.com/v2/image1/Y29tLkdUQWluc2lkZS5HdGFNb2RzLkFkZG9uc19pY29uXzE3MDI2NTU5MzVfMDgx/icon.png?&fakeurl=1,https://www.gtainside.com/en/gta4/cars-all/,car,true,gta4
944ac4b7-7c6e-43ab-a1b7-cd7a6125bf8a,2026-02-08 11:48:08.058451+00,ONENESS PHANTOM,https://i.ytimg.com/vi/IHzS7Vh47sg/hq720.jpg,,,"{""Download Mod"":""https://sharemods.com/q89nu56spd5c/ZEDONE_BS6_45SEAT_HIEGHT_2.bussidmod.zip.html"",""Download Livery"":""https://sharemods.com/my5vfyvlm759/gz_oneness_phantom.zip.html""}",GZ DESIGNS OFFICIAL  BUSSID,https://yt3.ggpht.com/cKY_JS3r_ey15WCC4zSuhP6CylkzPa7p1ZAt0yh0maINxPfK5pZQKcZm7Tp383EzlsuvhldJhw=s48-c-k-c0x00ffffff-no-rj,https://www.youtube.com/@gzdesigns_bussid,bus,true,bussid
abc3420a-11eb-4e91-9bcd-80c681e96a34,2026-02-08 12:08:41.066583+00,TRONTON,https://modbussid.io/wp-content/uploads/2025/06/TRONTON.jpg,"Mod Bussid TRONTON is one of the most popular mods in the Indonesian Bus Simulator (Bussid) community, especially for those who are passionate about heavy-duty trucks with realistic style. With extremely detailed and quality design, this mod brings an extremely realistic and impressive driving experience.","[""https://modbussid.io/wp-content/uploads/2025/06/TRONTON-5.jpg"",""https://modbussid.io/wp-content/uploads/2025/06/TRONTON-2.jpg"",""https://modbussid.io/wp-content/uploads/2025/06/TRONTON-3.jpg"",""https://modbussid.io/wp-content/uploads/2025/06/TRONTON-4.jpg""]","{""Download Mod"":""https://cloud.modbussid.io/file/rP/TRONTON.bussidmod"",""Download Livery"":""https://cloud.modbussid.io/file/rO/agra_JB3+SHD_FACELIFT_VOYAGER_TRONTON_MD.png""}",MD CREATION,https://encrypted-tbn0.gstatic.com/images?q=tbn:ANd9GcQMia_m20bA1Zw86qbmVpCetxrGnkThJvjkkA&s,,bus,true,bussid
b35b8bbb-23d0-4173-9f50-bdded5157214,2026-02-08 11:46:45.083979+00,Prakash Grand BMR Indian,https://i0.wp.com/www.sgcarena.com/wp-content/uploads/2021/04/SGCA_IMG-13042021-141350.jpg,,,"{""Download Mod"":""https://sharemods.com/n1ys8g0ad58i/NEW_PRAKASH_GRAND_BMR_.bussidmod.html"",""Download Livery"":""https://sharemods.com/aru2lz42xayv/new_bmr_template.png.html""}",Team KBG,https://yt3.googleusercontent.com/gp0eWn-TpT0OwvZy7a-MpUsNyVafp06QOf_hYME2rk-RTHWW7Tvr0bXavdvwiuFG9poFd7wXmA=s900-c-k-c0x00ffffff-no-rj,https://www.youtube.com/TeamKBROfficial,bus,true,bussid
bee22d82-d9be-4f6f-8c67-753c4197b7e2,2026-02-08 11:45:13.661371+00,Jetbus 3 DC,https://modbussid.io/wp-content/uploads/2025/06/Jetbus-3-DC.jpg,,"[""https://modbussid.io/wp-content/uploads/2025/06/Jetbus-3-DC-2.jpg"",""https://modbussid.io/wp-content/uploads/2025/06/Jetbus-3-DC-3.jpg"",""https://modbussid.io/wp-content/uploads/2025/06/Jetbus-3-DC-4.jpg"",""https://modbussid.io/wp-content/uploads/2025/06/Jetbus-3-DC-5.jpg"",""https://modbussid.io/wp-content/uploads/2025/06/Jetbus-3-DC-6.jpg""]","{""Download Mod"":""https://cloud.modbussid.io/file/s9/Jetbus_3_DC.bussidmod"",""Download Livery"":""https://cloud.modbussid.io/file/s7/Livery_Juragan_99_JB3_Dream_Coach_by_Saga_Project.png""}",ModBussid.io,https://encrypted-tbn0.gstatic.com/images?q=tbn:ANd9GcTgFLnhpepLhczAqpKmYaq0C_eY6qWufSZQcw&s,https://modbussid.io/,bus,true,bussid
c70d0a1e-7932-42c7-a7a1-6bed41921b46,2026-02-09 04:37:20.119987+00,Lamborghini Aventador Police,https://modbussid.io/wp-content/uploads/2026/02/Mod-Bussid-Lamborghini-Aventador-Police.jpg,,"[""https://modbussid.io/wp-content/uploads/2026/02/Mod-Bussid-Lamborghini-Aventador-Police-2.jpg"",""https://modbussid.io/wp-content/uploads/2026/02/Mod-Bussid-Lamborghini-Aventador-Police-3.jpg"",""https://modbussid.io/wp-content/uploads/2026/02/Mod-Bussid-Lamborghini-Aventador-Police-4.jpg"",""https://modbussid.io/wp-content/uploads/2026/02/Mod-Bussid-Lamborghini-Aventador-Police-5.jpg"",""https://modbussid.io/wp-content/uploads/2026/02/Mod-Bussid-Lamborghini-Aventador-Police-6.jpg"",""https://modbussid.io/wp-content/uploads/2026/02/Mod-Bussid-Lamborghini-Aventador-Police-7.jpg"",""https://modbussid.io/wp-content/uploads/2026/02/Mod-Bussid-Lamborghini-Aventador-Police-8.jpg"",""https://modbussid.io/wp-content/uploads/2026/02/Mod-Bussid-Lamborghini-Aventador-Police-9.jpg"",""https://modbussid.io/wp-content/uploads/2026/02/Mod-Bussid-Lamborghini-Aventador-Police-10.jpg""]","{""Download Mod"":""https://host.modbussid.io/Cars/Lamborghini%20Aventador%20Police%20(ModBussid.io).bussidmod"",""Download Livery"":""https://modbussid.io/wp-content/uploads/2025/08/Livery_Black.png""}",ModBussid.io,https://encrypted-tbn0.gstatic.com/images?q=tbn:ANd9GcTgFLnhpepLhczAqpKmYaq0C_eY6qWufSZQcw&s,https://modbussid.io/,car,true,bussid
ccded677-7b22-4926-96b7-d378f4343f4c,2026-02-10 16:05:05.291742+00,Boeing–Sikorsky RAH-66 Comanche,https://resource.niceapkdown.shop/prd/mods/pic/230a79b1-cec1-442c-a99e-98e26d158e78.jpeg-articleDetailwebp,,,"{""Download Mod"":""https://resource.modsgamer.com/prd/mods/mod/18543866eba6477097c91e8591eae242.zip""}",ModsGamer.com,https://yt3.googleusercontent.com/z0-u168ezziaUUC8PmGLmDcGNUucJ5LtCfAFzs23Wzg05OVRtF17xIhLRMkwPlt518AB-oCqmAM=s900-c-k-c0x00ffffff-no-rj,https://modsgamer.com/bus-simulator-indonesia/,helicopter,true,bussid
d3bee246-e5cd-4f83-bc6e-64a963d57085,2026-02-20 14:55:18.758252+00,Brucie's Apartment Entrable,https://www.gtainside.com/downloads/picr/2025-11/thb_1763571058_1763531158_1.jpg,"This mod makes Brucie's apartment accessible; you can reach it by climbing the stairs on the sides of the building or by helicopter
I hope you like it!

This is my patreon link, if you want to support","[""https://www.gtainside.com/downloads/picr/2025-11/1763571058_1763531158_2.jpg"",""https://www.gtainside.com/downloads/picr/2025-11/1763571058_1763531158_3.jpg"",""https://www.gtainside.com/downloads/picr/2025-11/1763571058_1763531158_4.jpg"",""https://www.gtainside.com/downloads/picr/2025-11/1763571058_5.jpg""]","{""Download Mod"":""https://fileservice.gtainside.com/downloads/ftpm/1763571058_Brucies%20Apartment%20Entrable.zip""}",GTAinside.com,https://image.winudf.com/v2/image1/Y29tLkdUQWluc2lkZS5HdGFNb2RzLkFkZG9uc19pY29uXzE3MDI2NTU5MzVfMDgx/icon.png?&fakeurl=1,https://www.gtainside.com/en/gta4/maps/,map,true,gta4
da57fa68-4845-40c0-8ae9-40ada2f87b67,2026-02-09 02:22:42.04065+00,NMR71,https://modbussid.io/wp-content/uploads/2026/02/Mod-Bussid-NMR71.jpg,,"[""https://modbussid.io/wp-content/uploads/2026/02/Mod-Bussid-NMR71-2.jpg"",""https://modbussid.io/wp-content/uploads/2026/02/Mod-Bussid-NMR71-3.jpg"",""https://modbussid.io/wp-content/uploads/2026/02/Mod-Bussid-NMR71-4.jpg"",""https://modbussid.io/wp-content/uploads/2026/02/Mod-Bussid-NMR71-5.jpg"",""https://modbussid.io/wp-content/uploads/2026/02/Mod-Bussid-NMR71-6.jpg"",""https://modbussid.io/wp-content/uploads/2026/02/Mod-Bussid-NMR71-7.jpg"",""https://modbussid.io/wp-content/uploads/2026/02/Mod-Bussid-NMR71-8.jpg"",""https://modbussid.io/wp-content/uploads/2026/02/Mod-Bussid-NMR71-9.jpg""]","{""Download Mod"":""https://host.modbussid.io/Trucks/NMR71%20(ModBussid.io).bussidmod""}",ModBussid.io,https://encrypted-tbn0.gstatic.com/images?q=tbn:ANd9GcTgFLnhpepLhczAqpKmYaq0C_eY6qWufSZQcw&s,https://modbussid.io/,truck,true,bussid
e07b70a8-d15a-42b4-83ee-f2ed6a51c70a,2026-02-08 11:50:21.895731+00,MG BS6 Glider + leeraz,https://bussid.in/wp-content/uploads/2025/11/Photo_251124070109.jpeg,"Presenting Our MG Glider + Leera Pack for bussid

Have original Interior
Highly detailed model
Interior lights turn on and of with door opening and closing
Interior lights turn on with low beam and off","[""https://bussid.in/wp-content/uploads/2025/11/Photo_251123095104-768x432.jpeg"",""https://bussid.in/wp-content/uploads/2025/11/Photo_251123095254-768x432.jpeg"",""https://bussid.in/wp-content/uploads/2025/11/Photo_251123102536-768x432.jpeg"",""https://bussid.in/wp-content/uploads/2025/11/Photo_251124070109-1-768x432.jpeg"",""https://bussid.in/wp-content/uploads/2025/11/Photo_251124070124-768x432.jpeg"",""https://bussid.in/wp-content/uploads/2025/11/Photo_251124070140-768x432.jpeg"",""https://bussid.in/wp-content/uploads/2025/11/Photo_251124070244-768x432.jpeg"",""https://bussid.in/wp-content/uploads/2025/11/Photo_251124070301-768x432.jpeg""]","{""Download Mod"":""https://sharemods.com/2bfj3cbyxez1/MG_Glider_Leyland_NonAC_IBSGAMIGN.zip.html""}",CJ PROJECT,https://www.mods4u.in/user/dp/2020/Mahesh-1647752482-DP-WWW-MODS4U-IN.png,,bus,true,bussid
e1f88644-bc70-46bd-a061-a5e4f9a5d853,2026-02-20 15:01:47.673719+00,[GTA III] Redone Police Car,https://www.gtainside.com/downloads/picr/2025-11/thb_1763484311_modpreview.jpg,"This mod is a edit of the default LCPD police car, to give it a ""Modern"" NYPD style livery,
i made it a challenge for myself to change it while also keeping it as minimalist, as i could
to match GTA III's atmosphere, this is why the car lacks things like PCT numbers and Police on the fenders.

With this mod, you are given 3 livery choices, this also comes with 3 light bars that cycle as extras.

1) Default Option - NYPD Style livery
2) GTA III Style Livery mixed with NYPD
3) GTA IV Style Livery

-Mod Installation-
Tools you will need before hand.

Mod Loader
https://gtaforums.com/topic/669520-mod-loader/

(Step 1) Change the Default Datalines to the ones below.
>>>>> ALWAYS MAKE BACK UPS BEFORE DOING SO.<<<<<<

-Datalines-
/-CARCOLS-/
police, 1,1
/-DEFAULT.IDE-/
116, police, police, car, POLICE, POLICAR, ignore, 1, 7, 1210, 161, 0.7

(Step 2) Head into the Choose your Car! Folder and then choose what livery you would want.

(Step 3) Run Game and Enjoy!


-/CURRENT BUGS And Roadmap/-
I need to repos. the lighting of the light bar slightly lower, also have to make a matching
Enforcer mod down the road.","[""https://www.gtainside.com/downloads/picr/2025-11/1763484311_pdpreview2.jpg"",""https://www.gtainside.com/downloads/picr/2025-11/1763484311_allpdpreview.jpg""]","{""Download Mod"":""https://fileservice.gtainside.com/downloads/ftpm/1763484311_III%20Redone%20Police%20Car.rar""}",GTAinside.com,https://image.winudf.com/v2/image1/Y29tLkdUQWluc2lkZS5HdGFNb2RzLkFkZG9uc19pY29uXzE3MDI2NTU5MzVfMDgx/icon.png?&fakeurl=1,https://www.gtainside.com/en/gta3/cars-all/,car,true,gta3
e37d8bbb-394f-42a8-a314-8e8c845e6296,2026-02-09 04:11:36.342888+00,Hino 700,https://modbussid.io/wp-content/uploads/2026/02/Mod-Bussid-Hino-700.jpg,,"[""https://modbussid.io/wp-content/uploads/2026/02/Mod-Bussid-Hino-700-2.jpg"",""https://modbussid.io/wp-content/uploads/2026/02/Mod-Bussid-Hino-700-3.jpg"",""https://modbussid.io/wp-content/uploads/2026/02/Mod-Bussid-Hino-700-4.jpg"",""https://modbussid.io/wp-content/uploads/2026/02/Mod-Bussid-Hino-700-5.jpg"",""https://modbussid.io/wp-content/uploads/2026/02/Mod-Bussid-Hino-700-6.jpg"",""https://modbussid.io/wp-content/uploads/2026/02/Mod-Bussid-Hino-700-7.jpg"",""https://modbussid.io/wp-content/uploads/2026/02/Mod-Bussid-Hino-700-8.jpg"",""https://modbussid.io/wp-content/uploads/2026/02/Mod-Bussid-Hino-700-9.jpg"",""https://modbussid.io/wp-content/uploads/2026/02/Mod-Bussid-Hino-700-10.jpg""]","{""Download Mod"":""https://host.modbussid.io/Trucks/Hino%20700%20(ModBussid.io).bussidmod""}",ModBussid.io,https://encrypted-tbn0.gstatic.com/images?q=tbn:ANd9GcTgFLnhpepLhczAqpKmYaq0C_eY6qWufSZQcw&s,https://modbussid.io/,truck,true,bussid
f9f0b033-376a-4d75-b3ba-5557a91dbaca,2026-02-09 04:17:41.374341+00,Dutro Cabe,https://modbussid.io/wp-content/uploads/2026/02/Mod-Bussid-Dutro-Cabe.jpg,,"[""https://modbussid.io/wp-content/uploads/2026/02/Mod-Bussid-Dutro-Cabe-2.jpg"",""https://modbussid.io/wp-content/uploads/2026/02/Mod-Bussid-Dutro-Cabe-3.jpg"",""https://modbussid.io/wp-content/uploads/2026/02/Mod-Bussid-Dutro-Cabe-4.jpg"",""https://modbussid.io/wp-content/uploads/2026/02/Mod-Bussid-Dutro-Cabe-5.jpg"",""https://modbussid.io/wp-content/uploads/2026/02/Mod-Bussid-Dutro-Cabe-6.jpg"",""https://modbussid.io/wp-content/uploads/2026/02/Mod-Bussid-Dutro-Cabe-7.jpg"",""https://modbussid.io/wp-content/uploads/2026/02/Mod-Bussid-Dutro-Cabe-8.jpg"",""https://modbussid.io/wp-content/uploads/2026/02/Mod-Bussid-Dutro-Cabe-9.jpg"",""https://modbussid.io/wp-content/uploads/2026/02/Mod-Bussid-Dutro-Cabe-10.jpg""]","{""Download Mod"":""https://host.modbussid.io/Trucks/Dutro%20Cabe%20(ModBussid.io).bussidmod""}",ModBussid.io,https://encrypted-tbn0.gstatic.com/images?q=tbn:ANd9GcTgFLnhpepLhczAqpKmYaq0C_eY6qWufSZQcw&s,https://modbussid.io/,truck,true,bussid